{
	"width": 1280,
	"height": 720,
	"fps": 30,
	"main": "./script/aez_bundle_main.js",
	"assets": {
		"title": {
			"type": "image",
			"width": 1280,
			"height": 720,
			"path": "files/77c17de28cba736dc447.jpg",
			"hint": {
				"untainted": true
			},
			"virtualPath": "image/title.jpg"
		},
		"haikei": {
			"type": "image",
			"width": 1280,
			"height": 720,
			"path": "files/864e1de2036fcd185ce9.png",
			"hint": {
				"untainted": true
			},
			"virtualPath": "image/haikei.png"
		},
		"yuzai": {
			"type": "image",
			"width": 140,
			"height": 200,
			"path": "files/d9e0c8050c68b7ecc6f2.png",
			"hint": {
				"untainted": true
			},
			"virtualPath": "image/yuzai.png"
		},
		"muzai": {
			"type": "image",
			"width": 140,
			"height": 200,
			"path": "files/48286a34557d2fc710ef.png",
			"hint": {
				"untainted": true
			},
			"virtualPath": "image/muzai.png"
		},
		"body1": {
			"type": "image",
			"width": 566,
			"height": 720,
			"path": "files/5a10a70a46d9940dbd78.png",
			"hint": {
				"untainted": true
			},
			"virtualPath": "image/main1.png"
		},
		"body2": {
			"type": "image",
			"width": 566,
			"height": 720,
			"path": "files/7bd5e413f0d3017faab9.png",
			"hint": {
				"untainted": true
			},
			"virtualPath": "image/main2.png"
		},
		"body3": {
			"type": "image",
			"width": 566,
			"height": 720,
			"path": "files/c49e6b387c323ed34fd3.png",
			"hint": {
				"untainted": true
			},
			"virtualPath": "image/main3.png"
		},
		"body4": {
			"type": "image",
			"width": 566,
			"height": 720,
			"path": "files/17759c450e56ea97db88.png",
			"hint": {
				"untainted": true
			},
			"virtualPath": "image/main4.png"
		},
		"body5": {
			"type": "image",
			"width": 566,
			"height": 720,
			"path": "files/6444387d433d6675c4d8.png",
			"hint": {
				"untainted": true
			},
			"virtualPath": "image/main5.png"
		},
		"body6": {
			"type": "image",
			"width": 566,
			"height": 720,
			"path": "files/13d98e8796caef8995f3.png",
			"hint": {
				"untainted": true
			},
			"virtualPath": "image/main6.png"
		},
		"body7": {
			"type": "image",
			"width": 566,
			"height": 720,
			"path": "files/7aa7549c11de227676f8.png",
			"hint": {
				"untainted": true
			},
			"virtualPath": "image/main7.png"
		},
		"body8": {
			"type": "image",
			"width": 566,
			"height": 720,
			"path": "files/ab8de762bd96b2ce137e.png",
			"hint": {
				"untainted": true
			},
			"virtualPath": "image/main8.png"
		},
		"megane": {
			"type": "image",
			"width": 192,
			"height": 192,
			"path": "files/cc886ee1af503ac7c87d.png",
			"hint": {
				"untainted": true
			},
			"virtualPath": "image/megane.png"
		},
		"megane_button": {
			"type": "image",
			"width": 100,
			"height": 100,
			"path": "files/c84119d3293b08460735.png",
			"hint": {
				"untainted": true
			},
			"virtualPath": "image/megane2.png"
		},
		"font_round": {
			"type": "image",
			"width": 1024,
			"height": 900,
			"path": "files/73281a4c15979db11918.png",
			"hint": {
				"untainted": true
			},
			"virtualPath": "image/font_round.png"
		},
		"font_round_glyphs": {
			"type": "text",
			"path": "files/b6f8e9f29427339150e9.json",
			"virtualPath": "text/font_round_glyphs.json"
		},
		"bgm": {
			"type": "audio",
			"path": "files/a4b2bad2d1f91ea4e0ca",
			"systemId": "music",
			"duration": 15486,
			"virtualPath": "audio/BGM182-161031-banbanjikenpou-mp3"
		},
		"se_finish1": {
			"type": "audio",
			"path": "files/95bc1dff9d7dd3b23308",
			"systemId": "sound",
			"duration": 2000,
			"virtualPath": "audio/se_finish1"
		},
		"se_finish2": {
			"type": "audio",
			"path": "files/453095c5dc0e2570b3c0",
			"systemId": "sound",
			"duration": 2000,
			"virtualPath": "audio/se_finish2"
		},
		"se_hazure": {
			"type": "audio",
			"path": "files/e895888c58cd54ea6220",
			"systemId": "sound",
			"duration": 1104,
			"virtualPath": "audio/se_hazure"
		},
		"se_seikai": {
			"type": "audio",
			"path": "files/7988a4250320fc0ec741",
			"systemId": "sound",
			"duration": 1000,
			"virtualPath": "audio/se_seikai"
		},
		"se_seikai2": {
			"type": "audio",
			"path": "files/95e9e388abb7ef9468f7",
			"systemId": "sound",
			"duration": 1000,
			"virtualPath": "audio/se_seikai2"
		},
		"se_start": {
			"type": "audio",
			"path": "files/9a33ab5f9c9b2521552d",
			"systemId": "sound",
			"duration": 1701,
			"virtualPath": "audio/se_start"
		},
		"aez_bundle_main": {
			"type": "script",
			"global": true,
			"path": "files/f086925699839f7a9594.js",
			"virtualPath": "script/aez_bundle_main.js"
		}
	},
	"moduleMainScripts": {},
	"environment": {
		"sandbox-runtime": "3",
		"nicolive": {
			"supportedModes": [
				"ranking"
			],
			"preferredSessionParameters": {
				"totalTimeLimit": 70
			}
		},
		"external": {
			"send": "0"
		},
		"akashic-runtime": {
			"version": "~3.7.19-0",
			"flavor": "-canvas"
		}
	},
	"exportZipInfo": {
		"version": "1.8.38",
		"option": {
			"strip": true,
			"babel": true,
			"hashFilename": true,
			"targetService": "nicolive",
			"nicolive": true
		}
	},
	"globalScripts": []
}