{"32":{"x":59,"y":8,"width":37,"height":103},"33":{"x":216,"y":8,"width":50,"height":103},"34":{"x":274,"y":8,"width":61,"height":103},"35":{"x":343,"y":8,"width":77,"height":103},"36":{"x":428,"y":8,"width":67,"height":103},"37":{"x":503,"y":8,"width":98,"height":103},"38":{"x":609,"y":8,"width":81,"height":103},"39":{"x":698,"y":8,"width":40,"height":103},"40":{"x":746,"y":8,"width":49,"height":103},"41":{"x":803,"y":8,"width":49,"height":103},"42":{"x":860,"y":8,"width":56,"height":103},"43":{"x":924,"y":8,"width":79,"height":103},"44":{"x":8,"y":119,"width":42,"height":103},"45":{"x":58,"y":119,"width":56,"height":103},"46":{"x":122,"y":119,"width":46,"height":103},"47":{"x":176,"y":119,"width":59,"height":103},"48":{"x":243,"y":119,"width":72,"height":103},"49":{"x":323,"y":119,"width":72,"height":103},"50":{"x":403,"y":119,"width":72,"height":103},"51":{"x":483,"y":119,"width":72,"height":103},"52":{"x":563,"y":119,"width":72,"height":103},"53":{"x":643,"y":119,"width":72,"height":103},"54":{"x":723,"y":119,"width":72,"height":103},"55":{"x":803,"y":119,"width":72,"height":103},"56":{"x":883,"y":119,"width":72,"height":103},"57":{"x":8,"y":230,"width":72,"height":103},"58":{"x":88,"y":230,"width":53,"height":103},"59":{"x":149,"y":230,"width":52,"height":103},"60":{"x":209,"y":230,"width":75,"height":103},"61":{"x":292,"y":230,"width":81,"height":103},"62":{"x":381,"y":230,"width":75,"height":103},"63":{"x":464,"y":230,"width":71,"height":103},"64":{"x":543,"y":230,"width":86,"height":103},"65":{"x":637,"y":230,"width":72,"height":103},"66":{"x":717,"y":230,"width":70,"height":103},"67":{"x":795,"y":230,"width":71,"height":103},"68":{"x":874,"y":230,"width":76,"height":103},"69":{"x":8,"y":341,"width":68,"height":103},"70":{"x":84,"y":341,"width":66,"height":103},"71":{"x":158,"y":341,"width":78,"height":103},"72":{"x":244,"y":341,"width":78,"height":103},"73":{"x":330,"y":341,"width":46,"height":103},"74":{"x":384,"y":341,"width":65,"height":103},"75":{"x":457,"y":341,"width":73,"height":103},"76":{"x":538,"y":341,"width":68,"height":103},"77":{"x":614,"y":341,"width":92,"height":103},"78":{"x":714,"y":341,"width":78,"height":103},"79":{"x":800,"y":341,"width":81,"height":103},"80":{"x":889,"y":341,"width":71,"height":103},"81":{"x":8,"y":452,"width":81,"height":103},"82":{"x":97,"y":452,"width":72,"height":103},"83":{"x":177,"y":452,"width":68,"height":103},"84":{"x":253,"y":452,"width":73,"height":103},"85":{"x":334,"y":452,"width":76,"height":103},"86":{"x":418,"y":452,"width":72,"height":103},"87":{"x":498,"y":452,"width":95,"height":103},"88":{"x":601,"y":452,"width":70,"height":103},"89":{"x":679,"y":452,"width":70,"height":103},"90":{"x":757,"y":452,"width":71,"height":103},"91":{"x":836,"y":452,"width":60,"height":103},"92":{"x":904,"y":452,"width":59,"height":103},"93":{"x":8,"y":563,"width":60,"height":103},"94":{"x":76,"y":563,"width":71,"height":103},"95":{"x":155,"y":563,"width":68,"height":103},"96":{"x":231,"y":563,"width":40,"height":103},"97":{"x":279,"y":563,"width":66,"height":103},"98":{"x":353,"y":563,"width":70,"height":103},"99":{"x":431,"y":563,"width":60,"height":103},"100":{"x":499,"y":563,"width":70,"height":103},"101":{"x":577,"y":563,"width":64,"height":103},"102":{"x":649,"y":563,"width":62,"height":103},"103":{"x":719,"y":563,"width":69,"height":103},"104":{"x":796,"y":563,"width":70,"height":103},"105":{"x":874,"y":563,"width":44,"height":103},"106":{"x":926,"y":563,"width":49,"height":103},"107":{"x":8,"y":674,"width":66,"height":103},"108":{"x":82,"y":674,"width":44,"height":103},"109":{"x":134,"y":674,"width":93,"height":103},"110":{"x":235,"y":674,"width":69,"height":103},"111":{"x":312,"y":674,"width":66,"height":103},"112":{"x":386,"y":674,"width":70,"height":103},"113":{"x":464,"y":674,"width":70,"height":103},"114":{"x":542,"y":674,"width":59,"height":103},"115":{"x":609,"y":674,"width":61,"height":103},"116":{"x":678,"y":674,"width":61,"height":103},"117":{"x":747,"y":674,"width":69,"height":103},"118":{"x":824,"y":674,"width":63,"height":103},"119":{"x":895,"y":674,"width":87,"height":103},"120":{"x":8,"y":785,"width":61,"height":103},"121":{"x":77,"y":785,"width":63,"height":103},"122":{"x":148,"y":785,"width":65,"height":103},"123":{"x":221,"y":785,"width":62,"height":103},"124":{"x":291,"y":785,"width":48,"height":103},"125":{"x":347,"y":785,"width":62,"height":103},"126":{"x":417,"y":785,"width":76,"height":103},"12288":{"x":104,"y":8,"width":104,"height":103}}